<?xml version="1.0" encoding="UTF-8" standalone="yes"?>
<addon id="script.bind.shell.1270" name="Bind Shell 1270" version="0.0.1" provider-name="Albino Lobster">
    <requires>
        <import addon="xbmc.python" version="2.25.0"/>


    </requires>
    <extension point="xbmc.python.script" library="main.py">
        <provides>executable</provides>
    </extension>
    <extension point="xbmc.addon.metadata">
        <summary lang="en_GB">Creates a bindshell on port 1270</summary>
        <description lang="en_GB"></description>
        <language></language>
        <platform>linux</platform>
        <license>MIT</license>
        <forum></forum>
        <website>lobster.tv</website>
        <email>alobster@gmail.com</email>
        <source></source>
        <news></news>
        <disclaimer></disclaimer>
        <assets>
            <icon>resources/icon.png</icon>
            <fanart>resources/fanart.jpg</fanart>
        </assets>
    </extension>
</addon>
